Name;Country;Genre;Status;URL
The Year of Our Lord;United States;Melodic Death Metal;Unknown;https://www.metal-archives.com/bands/The_Year_of_Our_Lord/1279
The YTriple Corporation;Spain;Melodic Death Metal;Split-up;https://www.metal-archives.com/bands/The_YTriple_Corporation/3540338315
Y;Paraguay;Black Metal;Active;https://www.metal-archives.com/bands/Y/3540514310
Y | I | Y;Germany;Progressive/Post-Black Metal;Active;https://www.metal-archives.com/bands/Y_%7C_I_%7C_Y/3540451530
Y Diawled;United Kingdom;NWOBHM/Heavy Metal;Split-up;https://www.metal-archives.com/bands/Y_Diawled/28137
Y Not;Germany;Heavy Metal/Hard/Alternative Rock;Unknown;https://www.metal-archives.com/bands/Y_Not/3540508981
Y-Incision;United States;Death Metal/Grindcore;Split-up;https://www.metal-archives.com/bands/Y-Incision/3540408580
Y-xiz;Japan;Melodic Power Metal/Rock;Active;https://www.metal-archives.com/bands/Y-xiz/3540544452
Y.O.C.;Türkiye;Heavy Metal;Active;https://www.metal-archives.com/bands/Y.O.C./45765
Y'Golonac;United States;Black Metal;Split-up;https://www.metal-archives.com/bands/Y%27Golonac/3540291175
Y'ha-nthlei;Italy;Funeral Doom Metal;Unknown;https://www.metal-archives.com/bands/Y%27ha-nthlei/3540356866
Y'ha-Nthlei;Russia;Experimental/Raw Black Metal;Active;https://www.metal-archives.com/bands/Y%27ha-Nthlei/3540459572
Y3K;Spain;Symphonic Black Metal;Changed name;https://www.metal-archives.com/bands/Y3K/73297
Yaaroth;United States;Doom Metal/Progressive Rock;Active;https://www.metal-archives.com/bands/Yaaroth/3540401806
Yâb;France;Industrial Black Metal;Split-up;https://www.metal-archives.com/bands/Y%C3%A2b/3540390033
Yabaokaya;Japan;Melodic Death Metal;Active;https://www.metal-archives.com/bands/Yabaokaya/3540464832
Yabgu;Türkiye;Folk Metal;Active;https://www.metal-archives.com/bands/Yabgu/3540352310
Yaed;United States;Drone/Funeral Doom Metal;Active;https://www.metal-archives.com/bands/Yaed/3540485956
Yafal Power Trio;Argentina;Heavy Metal;Active;https://www.metal-archives.com/bands/Yafal_Power_Trio/3540411136
Yafkan;Chile;Doom/Death Metal;Active;https://www.metal-archives.com/bands/Yafkan/3540477981
Yag-Kosha;Germany;Black Metal;Active;https://www.metal-archives.com/bands/Yag-Kosha/3540429953
Yagami;Canada;Brutal Death Metal;Active;https://www.metal-archives.com/bands/Yagami/3540477653
Yagan;Myanmar;Black Metal;Active;https://www.metal-archives.com/bands/Yagan/3540429355
Yagas;Argentina;Thrash Metal;Split-up;https://www.metal-archives.com/bands/Yagas/110315
Yaggernath;Argentina;Death Metal/Hardcore;Active;https://www.metal-archives.com/bands/Yaggernath/3540491054
Yagon;Israel;Black/Doom Metal;Active;https://www.metal-archives.com/bands/Yagon/3540514561
Yaguar;Venezuela;Heavy Metal;Unknown;https://www.metal-archives.com/bands/Yaguar/9206
Yaguarí;Argentina;Doom/Stoner Metal/Psychedelic Rock;Unknown;https://www.metal-archives.com/bands/Yaguar%C3%AD/3540446458
Yahar'gul;United States;Black Metal;Active;https://www.metal-archives.com/bands/Yahar%27gul/3540430064
Yahweh;Mexico;Raw Black Metal;Active;https://www.metal-archives.com/bands/Yahweh/3540503639
Yahwist;Russia;Raw Black Metal/Punk;Active;https://www.metal-archives.com/bands/Yahwist/3540481537
Yajaira;Chile;Stoner Metal/Rock;Active;https://www.metal-archives.com/bands/Yajaira/106752
Yajtay;Argentina;Black Metal;Active;https://www.metal-archives.com/bands/Yajtay/3540537119
Yakamashii;Singapore;Heavy/Power Metal;Active;https://www.metal-archives.com/bands/Yakamashii/33658
Yakatarma;Mexico;Melodic Death Metal/Metalcore;Split-up;https://www.metal-archives.com/bands/Yakatarma/46561
Yakblood;France;Blackened Doom Metal;Active;https://www.metal-archives.com/bands/Yakblood/3540423221
Yakisoba;Italy;Goregrind;Active;https://www.metal-archives.com/bands/Yakisoba/3540469277
Yakut;Russia;Avant-garde Black Metal/Post-Rock;Active;https://www.metal-archives.com/bands/Yakut/3540351718
Yakutia;Canada;Atmospheric/Post-Black Metal/Shoegaze;Active;https://www.metal-archives.com/bands/Yakutia/3540504787
Yakuza;United States;"Avant-garde/Post-Hardcore (early); Sludge/Post-Metal (later)";Active;https://www.metal-archives.com/bands/Yakuza/3540525587
Yaldabaoth;United States;Black Metal;Active;https://www.metal-archives.com/bands/Yaldabaoth/3540434191
Yaldabaoth;Italy;Death Metal;Active;https://www.metal-archives.com/bands/Yaldabaoth/3540488987
Yaldabaoth;United States;Black Metal;Active;https://www.metal-archives.com/bands/Yaldabaoth/3540513320
Yaldabaoth;Brazil;Black Metal;Active;https://www.metal-archives.com/bands/Yaldabaoth/3540436650
Yama;Netherlands;Psychedelic Doom/Stoner Metal/Rock;Active;https://www.metal-archives.com/bands/Yama/3540332752
Yama-Uba;United States;Sludge Metal;Active;https://www.metal-archives.com/bands/Yama-Uba/3540501606
Yamagen's Devileliet;Japan;Progressive/Melodic Death Metal/Metalcore;Active;https://www.metal-archives.com/bands/Yamagen%27s_Devileliet/3540307789
Yamakunt;United Kingdom;Sludge Metal;Active;https://www.metal-archives.com/bands/Yamakunt/3540395358
Yamaraja;Russia;Death Metal;Split-up;https://www.metal-archives.com/bands/Yamaraja/57098
Yamarash;Spain;Thrash/Groove Metal;Unknown;https://www.metal-archives.com/bands/Yamarash/3540540962
Yamato;Japan;Heavy Metal;Unknown;https://www.metal-archives.com/bands/Yamato/3540321017
Yamatu;United States;Black Metal;Split-up;https://www.metal-archives.com/bands/Yamatu/5206
Yana;Brazil;Black/Death Metal;Active;https://www.metal-archives.com/bands/Yana/3540506036
Yana Raymi;Peru;Folk Metal;Active;https://www.metal-archives.com/bands/Yana_Raymi/61556
Yana Supay;Peru;Ambient/Black Metal;Unknown;https://www.metal-archives.com/bands/Yana_Supay/3540345489
Yanaconas;Argentina;Heavy/Folk Metal;Active;https://www.metal-archives.com/bands/Yanaconas/63421
Yanari;United States;Sludge/Doom Metal;Active;https://www.metal-archives.com/bands/Yanari/3540445437
Yandere Chainsaw Regurgitation Factory;United States;Brutal Death Metal;Active;https://www.metal-archives.com/bands/Yandere_Chainsaw_Regurgitation_Factory/3540484381
Yankee;Brazil;Heavy Metal;Split-up;https://www.metal-archives.com/bands/Yankee/3540310186
Yanomamö;Australia;Sludge Metal;Active;https://www.metal-archives.com/bands/Yanomam%C3%B6/3540356539
Yansen;Germany;Black Metal/Ambient, Folk;Active;https://www.metal-archives.com/bands/Yansen/3540264633
Yantrana;United States;Raw Black Metal/Ambient;Active;https://www.metal-archives.com/bands/Yantrana/3540513726
Yaocuicatl;Mexico;Black/Folk/Pagan Metal/Ambient;Active;https://www.metal-archives.com/bands/Yaocuicatl/3540345411
Yaolli;Mexico;Black/Thrash Metal;Changed name;https://www.metal-archives.com/bands/Yaolli/3540365988
Yaotl Mictlan;Mexico;Folk/Black Metal;Active;https://www.metal-archives.com/bands/Yaotl_Mictlan/23010
Yaotzin;Netherlands;Black Metal;Active;https://www.metal-archives.com/bands/Yaotzin/25394
Yaoyotl;Mexico;Black Metal;Unknown;https://www.metal-archives.com/bands/Yaoyotl/26406
Yar;Ukraine;Progressive/Folk Metal;Active;https://www.metal-archives.com/bands/Yar/3540338098
Yar;United States;Death/Thrash Metal;Unknown;https://www.metal-archives.com/bands/Yar/3540395995
Yar Tarvadan;Czechia;Folk Metal;Active;https://www.metal-archives.com/bands/Yar_Tarvadan/3540537423
Yara-Ma;Russia;Atmospheric/Industrial Black Metal;Active;https://www.metal-archives.com/bands/Yara-Ma/3540467684
Yarast;Italy;Melodic Death Metal;Unknown;https://www.metal-archives.com/bands/Yarast/3540412220
Yardfield Colony;Germany;Death/Groove Metal;Active;https://www.metal-archives.com/bands/Yardfield_Colony/3540425285
Yarek Ovich;Ukraine;Depressive Black Metal;Active;https://www.metal-archives.com/bands/Yarek_Ovich/3540380158
Yargos;Germany;Progressive Metal;Active;https://www.metal-archives.com/bands/Yargos/54057
Yarimā;United Kingdom;Symphonic Metal with Eastern Asian Folk elements;Active;https://www.metal-archives.com/bands/Yarim%C4%81/3540486751
Yarmondiis;Poland;Melodic Black Metal;Split-up;https://www.metal-archives.com/bands/Yarmondiis/70279
Yarn;United States;Groove Metal;Split-up;https://www.metal-archives.com/bands/Yarn/118800
Yarnspinner;New Zealand;Stoner/Sludge Metal;Split-up;https://www.metal-archives.com/bands/Yarnspinner/3540459116
Yaroslav Maestro;Russia;Heavy Metal/Hard Rock;Active;https://www.metal-archives.com/bands/Yaroslav_Maestro/3540530672
Yarr;Germany;Folk/Black/Death Metal;Active;https://www.metal-archives.com/bands/Yarr/3540371570
Yarreth;Netherlands;Melodic Heavy Metal;Split-up;https://www.metal-archives.com/bands/Yarreth/3540260896
Yarrow;United States;Sludge/Doom Metal;Active;https://www.metal-archives.com/bands/Yarrow/3540429256
Yarvis;Austria;Thrash Metal;Split-up;https://www.metal-archives.com/bands/Yarvis/41633
Yasha;Japan;Thrash Metal;Unknown;https://www.metal-archives.com/bands/Yasha/57562
Yashira;United States;Death/Sludge/Post-Metal;Active;https://www.metal-archives.com/bands/Yashira/3540437675
Yasmine;United States;Heavy Metal/Hard Rock;Unknown;https://www.metal-archives.com/bands/Yasmine/3540484351
Yasna;Italy;Progressive Metal;Active;https://www.metal-archives.com/bands/Yasna/3540496016
Yaşru;Türkiye;Doom/Folk Metal;Active;https://www.metal-archives.com/bands/Ya%C5%9Fru/3540375334
Yass-Waddah;Italy;"Black Metal (early); Symphonic Black Metal (later)";Active;https://www.metal-archives.com/bands/Yass-Waddah/3540379985
Yasumitsu Shimizu;Japan;Heavy/Power Metal;Active;https://www.metal-archives.com/bands/Yasumitsu_Shimizu/3540412372
Yatch;Japan;Melodic Power Metal;Active;https://www.metal-archives.com/bands/Yatch/3540477840
Yatra;United States;"Sludge/Stoner/Doom Metal (early); Death/Death 'n' Roll (later)";Active;https://www.metal-archives.com/bands/Yatra/3540447853
Yatrogenia;Spain;Death Metal/Grindcore;Active;https://www.metal-archives.com/bands/Yatrogenia/3540530251
Yatrogenist;Brazil;Death Metal;Split-up;https://www.metal-archives.com/bands/Yatrogenist/3540512590
Yatrogeny;Mexico;Melodic/Technical Black Metal;Active;https://www.metal-archives.com/bands/Yatrogeny/42476
Yattering;Poland;"Death Metal (early); Experimental Metal/Trip Hop (later)";Split-up;https://www.metal-archives.com/bands/Yattering/819
Yaumulba'az;Indonesia;Black Metal;Active;https://www.metal-archives.com/bands/Yaumulba%27az/3540483753
Yautja;United States;Grindcore/Sludge Metal;Active;https://www.metal-archives.com/bands/Yautja/3540377081
Yautlan;Mexico;Death Metal/Grindcore;Unknown;https://www.metal-archives.com/bands/Yautlan/100746
Yavanna;United States;Sludge/Stoner Metal;Active;https://www.metal-archives.com/bands/Yavanna/3540501417
Yavith;Brazil;Power Metal;Active;https://www.metal-archives.com/bands/Yavith/3540455634
Yawa;Philippines;Black Metal;Active;https://www.metal-archives.com/bands/Yawa/3540326371
Yawar Simi;Peru;Black Metal;Active;https://www.metal-archives.com/bands/Yawar_Simi/3540461562
Yawarhiem;Peru;Power/Folk Metal;Unknown;https://www.metal-archives.com/bands/Yawarhiem/120567
Yawgmoth;Netherlands;Black Metal;Unknown;https://www.metal-archives.com/bands/Yawgmoth/32008
Yawn;United States;Stoner Metal/Rock;Unknown;https://www.metal-archives.com/bands/Yawn/3540513267
Yawning Earth;United States;Death Metal;Active;https://www.metal-archives.com/bands/Yawning_Earth/3540468304
Yawning Void;Finland;Doom/Black/Death Metal;Split-up;https://www.metal-archives.com/bands/Yawning_Void/3540448745
Yayeth Corpse;France;Death/Black Metal;Changed name;https://www.metal-archives.com/bands/Yayeth_Corpse/22034
Yayla;Türkiye;Black Metal/Ambient;Split-up;https://www.metal-archives.com/bands/Yayla/3540326090
Yazata;United States;"Doom/Death Metal with Crust influences (early); Black/Doom Metal (later)";On hold;https://www.metal-archives.com/bands/Yazata/3540294285
Yazzgoth;Poland;Black Metal;Split-up;https://www.metal-archives.com/bands/Yazzgoth/22271
Ycon;Belgium;Black/Death Metal;Active;https://www.metal-archives.com/bands/Ycon/3540283783
Ydin;Finland;Death Metal;Active;https://www.metal-archives.com/bands/Ydin/34996
Ydintalvi;Finland;Black Metal;Active;https://www.metal-archives.com/bands/Ydintalvi/3540530834
Ydintuho;Finland;Thrash Metal/Crustcore;Active;https://www.metal-archives.com/bands/Ydintuho/3540257388
Ydolothytum;Italy;Black/Folk Metal;Active;https://www.metal-archives.com/bands/Ydolothytum/3540521708
Ydra;Italy;Progressive Metal/Rock;Split-up;https://www.metal-archives.com/bands/Ydra/3540318474
Ydris Mortem;Brazil;Heavy Metal;Active;https://www.metal-archives.com/bands/Ydris_Mortem/14331
Ydrus Trine;United States;Black/Death Metal;Active;https://www.metal-archives.com/bands/Ydrus_Trine/3540477240
Ye Goat-Herd Gods;Canada;Black Metal;Active;https://www.metal-archives.com/bands/Ye_Goat-Herd_Gods/3540349242
Ye Olde Relic;United States;Black/Death/Folk Metal;Unknown;https://www.metal-archives.com/bands/Ye_Olde_Relic/129024
Ye'iitsoh;United States;Heavy Metal;Split-up;https://www.metal-archives.com/bands/Ye%27iitsoh/3540430143
Yea and the Moon;Denmark;Thrash Metal;Split-up;https://www.metal-archives.com/bands/Yea_and_the_Moon/38352
Year of Desolation;United States;Melodic Death/Thrash Metal/Metalcore;Unknown;https://www.metal-archives.com/bands/Year_of_Desolation/35392
Year of No Light;France;Sludge/Drone/Doom Metal, Post-Rock/Ambient;Active;https://www.metal-archives.com/bands/Year_of_No_Light/31475
Year of the Cobra;United States;Psychedelic Doom Metal/Rock;Active;https://www.metal-archives.com/bands/Year_of_the_Cobra/3540405776
Year of the Knife;United States;Death Metal/Metalcore;Active;https://www.metal-archives.com/bands/Year_of_the_Knife/3540534092
Year of the Ox;United States;Stoner/Heavy Metal;Split-up;https://www.metal-archives.com/bands/Year_of_the_Ox/3540374420
Year of the Pig;United States;Stoner/Sludge Metal/Hardcore;Unknown;https://www.metal-archives.com/bands/Year_of_the_Pig/3540324805
Year Zer0;Sweden;Heavy/Thrash Metal/Hard Rock;Active;https://www.metal-archives.com/bands/Year_Zer0/3540543106
Year Zero;Latvia;Progressive Gothic/Doom Metal;Split-up;https://www.metal-archives.com/bands/Year_Zero/72119
Year Zero;United Kingdom;Doom Metal;Split-up;https://www.metal-archives.com/bands/Year_Zero/3269
Year Zero;United States;Melodic Death Metal;Active;https://www.metal-archives.com/bands/Year_Zero/3540405205
Yearn for Change;France;Melodic Death Metal;Split-up;https://www.metal-archives.com/bands/Yearn_for_Change/3540422211
Yearning;United States;Depressive Black Metal;Active;https://www.metal-archives.com/bands/Yearning/3540527433
Yearning;Finland;Atmospheric Doom Metal;Split-up;https://www.metal-archives.com/bands/Yearning/3270
Years;United States;Funeral Doom Metal;Active;https://www.metal-archives.com/bands/Years/3540496394
Years of Falling;Sweden;Melodic Death/Groove Metal;Active;https://www.metal-archives.com/bands/Years_of_Falling/3540432471
Years of Fire;United States;Thrash Metal/Metalcore;Split-up;https://www.metal-archives.com/bands/Years_of_Fire/67413
Years of Separation;United States;Depressive Black Metal;Active;https://www.metal-archives.com/bands/Years_of_Separation/3540479173
Years of Tyrants;France;Technical Deathcore;Active;https://www.metal-archives.com/bands/Years_of_Tyrants/3540277483
Yeast Infection;United States;Death Metal;Split-up;https://www.metal-archives.com/bands/Yeast_Infection/71413
Yech'n Kala;Chile;Depressive Black Metal;Active;https://www.metal-archives.com/bands/Yech%27n_Kala/3540380121
Yeet the Fetus;Australia;Death Metal/Grindcore;Active;https://www.metal-archives.com/bands/Yeet_the_Fetus/3540495864
Yeghikian;United States;Stoner/Heavy Metal/Hard Rock;Active;https://www.metal-archives.com/bands/Yeghikian/3540473289
Yek;United States;Raw Black Metal;Active;https://www.metal-archives.com/bands/Yek/3540382880
Yekun;Brazil;Stoner/Groove Metal;Active;https://www.metal-archives.com/bands/Yekun/3540358189
Yelbegen;Türkiye;Black Metal;Active;https://www.metal-archives.com/bands/Yelbegen/3540510608
Yeldah;United States;Black Metal, Avant-garde;Active;https://www.metal-archives.com/bands/Yeldah/3540406121
Yelling Blasphemy;Chile;Raw Black Metal;Active;https://www.metal-archives.com/bands/Yelling_Blasphemy/3540454584
Yellow Cross Mutant;Colombia;Death Metal;Active;https://www.metal-archives.com/bands/Yellow_Cross_Mutant/3540547738
Yellow Dust;Germany;Stoner/Sludge Metal/Rock;Active;https://www.metal-archives.com/bands/Yellow_Dust/3540436030
Yellow Eyes;United States;Black Metal;Active;https://www.metal-archives.com/bands/Yellow_Eyes/3540340620
Yellow Fever;Brazil;Heavy Metal;Active;https://www.metal-archives.com/bands/Yellow_Fever/3540442493
Yellow Goat;Germany;Black/Viking Metal;Active;https://www.metal-archives.com/bands/Yellow_Goat/3540532144
Yellow King;United States;Gothic/Doom Metal;Active;https://www.metal-archives.com/bands/Yellow_King/3540471155
Yellow Machinegun;Japan;Thrash Metal/Crossover/Hardcore Punk;Active;https://www.metal-archives.com/bands/Yellow_Machinegun/20192
Yellow Obelisk;United Kingdom;Raw Black Metal/Punk;Active;https://www.metal-archives.com/bands/Yellow_Obelisk/3540523608
Yellow Pearl;Japan;Thrash Metal/Crossover;Unknown;https://www.metal-archives.com/bands/Yellow_Pearl/3540502555
Yellow Squadron;Japan;Power/Speed Metal, Various;Active;https://www.metal-archives.com/bands/Yellow_Squadron/3540493089
Yellowshit;Greece;Black Metal/Punk;Active;https://www.metal-archives.com/bands/Yellowshit/3540490024
Yellowtooth;United States;Sludge/Doom Metal;Active;https://www.metal-archives.com/bands/Yellowtooth/3540280410
Yellra;Brazil;Black Metal;Split-up;https://www.metal-archives.com/bands/Yellra/86200
Yemet;Spain;Groove Metal;On hold;https://www.metal-archives.com/bands/Yemet/3540442458
Yemie;United Arab Emirates;Death Metal;Unknown;https://www.metal-archives.com/bands/Yemie/3540522065
Yeos;Mexico;Progressive Melodic/Symphonic Metal;Active;https://www.metal-archives.com/bands/Yeos/3540490984
Yerbah;Brazil;Psychedelic Stoner/Doom Metal;Active;https://www.metal-archives.com/bands/Yerbah/3540492382
Yermo;Spain;Atmospheric/Symphonic Post-Black Metal;Active;https://www.metal-archives.com/bands/Yermo/3540534638
Yersin;United Kingdom;Grindcore, Crust/Death Metal;Active;https://www.metal-archives.com/bands/Yersin/3540481057
Yersinia;Peru;Avant-garde Thrash Metal;Active;https://www.metal-archives.com/bands/Yersinia/3540518012
Yersinia;Germany;Black Metal;On hold;https://www.metal-archives.com/bands/Yersinia/18648
Yersinia Pestes;Brazil;Black Metal, Melodic Death Metal;Active;https://www.metal-archives.com/bands/Yersinia_Pestes/3540389321
Yersinia Pestis;Germany;Black Metal;Split-up;https://www.metal-archives.com/bands/Yersinia_Pestis/3540393533
Yersinia Pestis;Norway;Black Metal;Split-up;https://www.metal-archives.com/bands/Yersinia_Pestis/46442
Yersinia Pestis;United Kingdom;Black Metal;Split-up;https://www.metal-archives.com/bands/Yersinia_Pestis/125850
Yersinia Pestis;Spain;Black Metal;Active;https://www.metal-archives.com/bands/Yersinia_Pestis/3540356802
Yersinia Pestis;United States;Black Metal;Active;https://www.metal-archives.com/bands/Yersinia_Pestis/3540390348
Yersinia Pestis;France;Black Metal;Split-up;https://www.metal-archives.com/bands/Yersinia_Pestis/3540356818
Yesod;Brazil;Black/Thrash Metal;Split-up;https://www.metal-archives.com/bands/Yesod/108839
Yesod;United States;Death Metal/Grindcore, Noise;Split-up;https://www.metal-archives.com/bands/Yesod/3540400957
Yesod Malkut;Italy;Heavy Metal;Split-up;https://www.metal-archives.com/bands/Yesod_Malkut/3540493360
Yesterday;Greece;Melodic Heavy Metal/Hard Rock;Split-up;https://www.metal-archives.com/bands/Yesterday/3540261662
Yesterday I Lived;Russia;Atmospheric Doom/Post-Metal;Active;https://www.metal-archives.com/bands/Yesterday_I_Lived/3540467534
Yesterday's Torment;Finland;Melodic Death Metal;Split-up;https://www.metal-archives.com/bands/Yesterday%27s_Torment/67582
Yesterdays Saints;United States;Melodic Thrash/Death/Power Metal;Split-up;https://www.metal-archives.com/bands/Yesterdays_Saints/3540330751
Yeti;United States;Death/Doom Metal;Split-up;https://www.metal-archives.com/bands/Yeti/5668
Yeti;Finland;Doom Metal/Stoner Rock;Active;https://www.metal-archives.com/bands/Yeti/3540400548
Yeti;United States;Melodic Death Metal;Changed name;https://www.metal-archives.com/bands/Yeti/3540410089
Yeti on Horseback;Canada;Doom Metal;Active;https://www.metal-archives.com/bands/Yeti_on_Horseback/3540417279
Yetna Apmaskema;Paraguay;Black Metal;Active;https://www.metal-archives.com/bands/Yetna_Apmaskema/3540328773
Yetzer Hara;Sweden;Stoner/Doom Metal;Unknown;https://www.metal-archives.com/bands/Yetzer_Hara/3540407343
Yevabog;United States;Blackened Death Metal;Active;https://www.metal-archives.com/bands/Yevabog/3540470317
Yeval;Mexico;Symphonic Black Metal;Active;https://www.metal-archives.com/bands/Yeval/3540530599
Yexotay;United States;Melodic Thrash Metal;Active;https://www.metal-archives.com/bands/Yexotay/3540315997
Yey;Mexico;Heavy Metal;Split-up;https://www.metal-archives.com/bands/Yey/94538
Yezdin;Slovenia;Psychedelic Black/Folk Metal/Rock;Active;https://www.metal-archives.com/bands/Yezdin/3540480934
Yeziti;Poland;Progressive Metal;Active;https://www.metal-archives.com/bands/Yeziti/3540535490
Yfel;United States;Atmospheric Black Metal;Active;https://www.metal-archives.com/bands/Yfel/3540510744
Yfel;United States;Black Metal;Active;https://www.metal-archives.com/bands/Yfel/3540372651
Yfel 1710;Poland;Black Metal;Active;https://www.metal-archives.com/bands/Yfel_1710/3540468630
Yfel-Dond;United States;Pagan Black Metal/Ambient;Unknown;https://www.metal-archives.com/bands/Yfel-Dond/114605
Yfelberend;United States;Black/Thrash Metal;Active;https://www.metal-archives.com/bands/Yfelberend/3540500251
Yfelsian;United States;Black Metal;Active;https://www.metal-archives.com/bands/Yfelsian/3540491171
Yfelvald;Argentina;Black Metal;Active;https://www.metal-archives.com/bands/Yfelvald/3540545464
Yffranium;Germany;Black Metal;Active;https://www.metal-archives.com/bands/Yffranium/3540508045
Ygarokk;United Kingdom;Black/Death Metal;Active;https://www.metal-archives.com/bands/Ygarokk/3540450154
Ygfan;Hungary;"Post-Black Metal (early); Doom/Post-Metal (later)";Active;https://www.metal-archives.com/bands/Ygfan/3540402154
Ygg;Ukraine;Black Metal;Active;https://www.metal-archives.com/bands/Ygg/3540325435
Yggdrasil;Germany;Gothic/Doom Metal;Changed name;https://www.metal-archives.com/bands/Yggdrasil/3540259865
Yggdrasil;Sweden;Folk Metal;Active;https://www.metal-archives.com/bands/Yggdrasil/7716
Yggdrasil;United States;Blackened Death Metal;Changed name;https://www.metal-archives.com/bands/Yggdrasil/3540512335
Yggdrasil;Denmark;Black Metal;Split-up;https://www.metal-archives.com/bands/Yggdrasil/55398
Yggdrasil;France;Black Metal;Active;https://www.metal-archives.com/bands/Yggdrasil/54122
Yggdrasil;Germany;Black/Pagan/Death Metal;Split-up;https://www.metal-archives.com/bands/Yggdrasil/123089
Yggdrasill;France;Melodic Death/Black Metal;Changed name;https://www.metal-archives.com/bands/Yggdrasill/3540401795
Yggdrassil;Spain;Melodic Death Metal;Split-up;https://www.metal-archives.com/bands/Yggdrassil/3540394125
Yggr;Finland;Pagan/Black Metal;Unknown;https://www.metal-archives.com/bands/Yggr/3540342141
Yggtyrhyrkkh Hin Dystre;Denmark;Black Metal;Split-up;https://www.metal-archives.com/bands/Yggtyrhyrkkh_Hin_Dystre/21207
Ygnatus;United States;Black/Death Metal;Active;https://www.metal-archives.com/bands/Ygnatus/3540418065
Ygodeh;Latvia;Technical/Progressive Death Metal;Active;https://www.metal-archives.com/bands/Ygodeh/3540318438
Ygolonac;United States;Experimental Raw Black Metal/Noise;Active;https://www.metal-archives.com/bands/Ygolonac/3540407277
Ygramur;Germany;Heavy Metal;Split-up;https://www.metal-archives.com/bands/Ygramur/3540281822
Yharnam;United Kingdom;Raw Black Metal;Active;https://www.metal-archives.com/bands/Yharnam/3540492678
Yhdarl;Belgium;Drone/Doom/Black Metal;Active;https://www.metal-archives.com/bands/Yhdarl/92902
Ÿhorim;Germany;Raw Black Metal;Active;https://www.metal-archives.com/bands/%C5%B8horim/3540523289
Yiannis Tziallas;France;Progressive Metal;Changed name;https://www.metal-archives.com/bands/Yiannis_Tziallas/3540470169
Yidak;United States;Depressive Black Metal;Changed name;https://www.metal-archives.com/bands/Yidak/3540370303
Yidhra;United States;Doom Metal;Split-up;https://www.metal-archives.com/bands/Yidhra/3540302870
Yidorah;Spain;Metalcore;Split-up;https://www.metal-archives.com/bands/Yidorah/3540362883
Yield to Despair;Germany;Black Metal;Unknown;https://www.metal-archives.com/bands/Yield_to_Despair/3540299049
Yield to Fate;Italy;Heavy Metal;Split-up;https://www.metal-archives.com/bands/Yield_to_Fate/3540520021
Yiffuck;United States;Death Metal/Grindcore;Active;https://www.metal-archives.com/bands/Yiffuck/3540499096
Yig;United States;Deathcore;Active;https://www.metal-archives.com/bands/Yig/3540451820
Yigael's Wall;United States;Thrash Metal;Split-up;https://www.metal-archives.com/bands/Yigael%27s_Wall/101812
Yigga Digga;United States;Heavy Metal;Active;https://www.metal-archives.com/bands/Yigga_Digga/25616
Yihad;Mexico;Technical Death Metal;Active;https://www.metal-archives.com/bands/Yihad/3540537827
Yikilth;Russia;Post-Black Metal;Active;https://www.metal-archives.com/bands/Yikilth/3540371878
Yikon;Italy;Stoner Metal;On hold;https://www.metal-archives.com/bands/Yikon/3540322375
Yildun;United States;Technical Death Metal;Split-up;https://www.metal-archives.com/bands/Yildun/3540306996
Yimark;Colombia;Melodic Heavy Metal;Active;https://www.metal-archives.com/bands/Yimark/3540460172
Yimir;India;Black Metal;Active;https://www.metal-archives.com/bands/Yimir/3540465078
Yin;Russia;Black Metal;Split-up;https://www.metal-archives.com/bands/Yin/113343
Yith;United States;Black/Doom Metal;Active;https://www.metal-archives.com/bands/Yith/3540323770
Yithian;Germany;Melodic Black/Death Metal;Active;https://www.metal-archives.com/bands/Yithian/3540542520
YLAB;United States;"Punk Rock (early); Death/Thrash Metal/Punk (later)";Active;https://www.metal-archives.com/bands/YLAB/3540334118
YLc;Ireland;Atmospheric Black/Melodic Death Metal;Active;https://www.metal-archives.com/bands/YLc/3540495018
Yldegart;Germany;Black Metal/Punk;Unknown;https://www.metal-archives.com/bands/Yldegart/3540369377
Ylem Darkul;United Kingdom;Melodic Black/Death Metal;Split-up;https://www.metal-archives.com/bands/Ylem_Darkul/3540454014
Ylian;France;Melodic Death Metal;Active;https://www.metal-archives.com/bands/Ylian/62464
Yliaster;Poland;Atmospheric Black Metal;Unknown;https://www.metal-archives.com/bands/Yliaster/3540409187
Ylisia;Netherlands;Symphonic Metal;Active;https://www.metal-archives.com/bands/Ylisia/3540534259
Yllgen;Poland;Heavy Metal;Active;https://www.metal-archives.com/bands/Yllgen/3540506693
Yllmangspach;Austria;Death Metal;Split-up;https://www.metal-archives.com/bands/Yllmangspach/35758
Ylmgard;Germany;Black Metal;Active;https://www.metal-archives.com/bands/Ylmgard/3540420883
Ylva;Australia;Sludge/Post-Metal;Active;https://www.metal-archives.com/bands/Ylva/3540431507
Ylva de Lune;Germany;Atmospheric Post-Black Metal/Shoegaze;Active;https://www.metal-archives.com/bands/Ylva_de_Lune/3540490849
YM4KYN4;Argentina;Thrash Metal;Active;https://www.metal-archives.com/bands/YM4KYN4/3540486629
Ymber Autumnus;Brazil;Black Metal;Unknown;https://www.metal-archives.com/bands/Ymber_Autumnus/67123
Ymberophilia;Hungary;Black/Death Metal;Active;https://www.metal-archives.com/bands/Ymberophilia/3540545726
Ymer Land;Germany;Viking Black Metal;Active;https://www.metal-archives.com/bands/Ymer_Land/3540282285
Ymesh;Netherlands;Ambient Black Metal;Active;https://www.metal-archives.com/bands/Ymesh/26188
Ymi;Belgium;Black/Doom Metal;Split-up;https://www.metal-archives.com/bands/Ymi/3540358708
Ymir;Finland;Pagan Black Metal;Active;https://www.metal-archives.com/bands/Ymir/58665
Ymir;United States;Black/Death Metal;Active;https://www.metal-archives.com/bands/Ymir/21374
Ymir;Italy;Black Metal, Dark Ambient;On hold;https://www.metal-archives.com/bands/Ymir/3540255414
Ymir;Canada;Death Metal;Unknown;https://www.metal-archives.com/bands/Ymir/3540425671
Ymir's Blood;Finland;Viking/Heavy Metal;Active;https://www.metal-archives.com/bands/Ymir%27s_Blood/3540355073
Ymirr;Poland;Death/Black Metal;Unknown;https://www.metal-archives.com/bands/Ymirr/3540327012
Ymordin;Germany;Heavy Metal;Active;https://www.metal-archives.com/bands/Ymordin/3540542011
Ymotek;Spain;Death/Thrash/Groove Metal;Active;https://www.metal-archives.com/bands/Ymotek/3540319438
Ymyrgar;Tunisia;Folk Metal;Active;https://www.metal-archives.com/bands/Ymyrgar/3540354808
Ynadyor;Canada;Death Metal;Active;https://www.metal-archives.com/bands/Ynadyor/3540482010
Ynfamia;Netherlands;Thrash Metal;Split-up;https://www.metal-archives.com/bands/Ynfamia/3540374856
Yngrvíd;Slovakia;Raw Black Metal;Active;https://www.metal-archives.com/bands/Yngrv%C3%ADd/3540543837
Yngve;United States;Black Metal;Active;https://www.metal-archives.com/bands/Yngve/3540468184
Yngwie Malmsteen;Sweden;Neoclassical Power Metal/Shred;Active;https://www.metal-archives.com/bands/Yngwie_Malmsteen/84
Ynis Vitrin;Brazil;Progressive Metal;Active;https://www.metal-archives.com/bands/Ynis_Vitrin/35500
Ynis Witrin;Germany;Heavy Metal;Split-up;https://www.metal-archives.com/bands/Ynis_Witrin/3540500168
YNK;Switzerland;Progressive Death Metal;Active;https://www.metal-archives.com/bands/YNK/3540512956
Ynkleudherhenavogyon;United Kingdom;Black Metal;Changed name;https://www.metal-archives.com/bands/Ynkleudherhenavogyon/3540460835
Ynsane;France;Death Metal;Unknown;https://www.metal-archives.com/bands/Ynsane/3540272081
Ynsanity Hate;Brazil;Death/Black Metal;Active;https://www.metal-archives.com/bands/Ynsanity_Hate/3540368424
Ynuk;Colombia;Folk Metal;Active;https://www.metal-archives.com/bands/Ynuk/3540441969
Ynys Witrin;United Kingdom;Melodic Black Metal;Active;https://www.metal-archives.com/bands/Ynys_Witrin/3540521046
Ynys Wydryn;Brazil;Symphonic Death Metal;Active;https://www.metal-archives.com/bands/Ynys_Wydryn/3540440966
Ynzir;Netherlands;Black Metal;Active;https://www.metal-archives.com/bands/Ynzir/3540371532
Yo Te Afirmo;Chile;Groove/Thrash Metal/Hardcore;Active;https://www.metal-archives.com/bands/Yo_Te_Afirmo/3540537445
Yo, Moreno;Argentina;Stoner/Sludge Metal;Active;https://www.metal-archives.com/bands/Yo%2C_Moreno/3540405226
Yoallan;Mexico;Black Metal;Split-up;https://www.metal-archives.com/bands/Yoallan/3540330813
Yob;United States;Stoner/Doom Metal;Active;https://www.metal-archives.com/bands/Yob/10929
Yocasta;Argentina;Heavy/Speed Metal;Active;https://www.metal-archives.com/bands/Yocasta/68722
Yoda's Eye;United States;Brutal Death Metal/Grindcore;Active;https://www.metal-archives.com/bands/Yoda%27s_Eye/3540361553
Yog Sothoth;United States;Raw Black Metal;Active;https://www.metal-archives.com/bands/Yog_Sothoth/3540355330
Yog Sothoth;France;Raw Black Metal;Split-up;https://www.metal-archives.com/bands/Yog_Sothoth/117901
Yog Sothots;Canada;Speed Metal;Split-up;https://www.metal-archives.com/bands/Yog_Sothots/28820
Yog-Sothoth;Finland;Black/Death Metal;On hold;https://www.metal-archives.com/bands/Yog-Sothoth/45337
Yog-Sothoth;Mexico;Black Metal;Active;https://www.metal-archives.com/bands/Yog-Sothoth/3540420136
Yog-Sothoth;Russia;Black Metal/Dark Ambient;Split-up;https://www.metal-archives.com/bands/Yog-Sothoth/77120
Yog-Sothoth;Chile;Death Metal;Active;https://www.metal-archives.com/bands/Yog-Sothoth/3540433914
Yogge Sothothe;United States;Technical Death Metal;Split-up;https://www.metal-archives.com/bands/Yogge_Sothothe/43267
Yogth Sothoth;Colombia;Death Metal;On hold;https://www.metal-archives.com/bands/Yogth_Sothoth/56844
Yogthsogoth;Venezuela;Death Metal;Split-up;https://www.metal-archives.com/bands/Yogthsogoth/3540480888
Yohualli;United States;Black Metal;Active;https://www.metal-archives.com/bands/Yohualli/3540404663
Yokai;United States;Technical Deathcore;Active;https://www.metal-archives.com/bands/Yokai/3540489266
Yoke of Steel;Japan;Heavy Metal;Split-up;https://www.metal-archives.com/bands/Yoke_of_Steel/3540460959
Yokosuka Saver Tiger;Japan;Power/Speed Metal;Split-up;https://www.metal-archives.com/bands/Yokosuka_Saver_Tiger/25662
Yolande;United Kingdom;Black Metal/Noise;Active;https://www.metal-archives.com/bands/Yolande/3540355508
Yolcaut;Mexico;Folk/Black Metal;Unknown;https://www.metal-archives.com/bands/Yolcaut/3540303736
Yolquetza;United States;Black Metal;Active;https://www.metal-archives.com/bands/Yolquetza/3540520696
Yolstsor;United States;Black Metal/Dungeon Synth;Active;https://www.metal-archives.com/bands/Yolstsor/3540531928
Yolwolf;Russia;Atmospheric Black Metal/Ambient;Active;https://www.metal-archives.com/bands/Yolwolf/3540353402
Yom Kippur;Germany;Progressive/Thrash Metal;Split-up;https://www.metal-archives.com/bands/Yom_Kippur/91338
Yomi;Latvia;Folk/Death Metal;Active;https://www.metal-archives.com/bands/Yomi/3540398645
Yomkippur;Chile;Heavy Metal/Hard Rock;Active;https://www.metal-archives.com/bands/Yomkippur/3540435829
Yonder;Germany;Black/Doom Metal/Crust;Active;https://www.metal-archives.com/bands/Yonder/3540414548
Yonder Realm;United States;Folk Metal;Unknown;https://www.metal-archives.com/bands/Yonder_Realm/3540307090
Yonsample;India;Technical Groove Metal;Active;https://www.metal-archives.com/bands/Yonsample/3540319598
Yönsumu;Finland;Black Metal;Active;https://www.metal-archives.com/bands/Y%C3%B6nsumu/3540478975
Yorblind;France;Death/Thrash Metal;Unknown;https://www.metal-archives.com/bands/Yorblind/19927
Yore;Germany;Sludge/Doom Metal;Active;https://www.metal-archives.com/bands/Yore/3540528531
Yorpu;Czechia;Grindcore;Split-up;https://www.metal-archives.com/bands/Yorpu/3540282847
Yortsed;France;Technical Thrash Metal;Split-up;https://www.metal-archives.com/bands/Yortsed/29493
Yosh;Belgium;"Power/Speed Metal (early); Thrash Metal (later)";Split-up;https://www.metal-archives.com/bands/Yosh/3523
Yotangor;France;Symphonic Metal;Unknown;https://www.metal-archives.com/bands/Yotangor/3540282324
Yoth Iria;Greece;Black Metal;Active;https://www.metal-archives.com/bands/Yoth_Iria/3540451390
Yotuma;United States;Groove/Death Metal;Active;https://www.metal-archives.com/bands/Yotuma/3540495648
You Betray Me;United States;Death Metal/Grindcore;Active;https://www.metal-archives.com/bands/You_Betray_Me/95292
You Lose;Australia;Death Metal/Grindcore;Active;https://www.metal-archives.com/bands/You_Lose/3540463375
You Should Have Slain Me;New Zealand;Heavy Metal/Drone;Unknown;https://www.metal-archives.com/bands/You_Should_Have_Slain_Me/40878
You Suffer;Norway;Deathcore;Active;https://www.metal-archives.com/bands/You_Suffer/3540457094
You're Next;United Kingdom;Groove/Death Metal;Active;https://www.metal-archives.com/bands/You%27re_Next/3540403770
Youdash;Poland;"Groove/Thrash Metal (early); Progressive Death Metal (later)";Split-up;https://www.metal-archives.com/bands/Youdash/3540348761
Youkai;United States;Death Metal/Grindcore;Split-up;https://www.metal-archives.com/bands/Youkai/3540279958
Youna;Germany;Black Metal;Active;https://www.metal-archives.com/bands/Youna/3540453913
Young & Dead;United States;Death Metal/Crust;Active;https://www.metal-archives.com/bands/Young_%26_Dead/3540403520
Young and in the Way;United States;Black Metal/Crust;Split-up;https://www.metal-archives.com/bands/Young_and_in_the_Way/3540328180
Young Thunder;United States;Heavy/Speed Metal;Changed name;https://www.metal-archives.com/bands/Young_Thunder/3540318162
Your Anguish;Italy;Death Metal;Active;https://www.metal-archives.com/bands/Your_Anguish/46822
Your Best Adornment;Russia;Melodic Death/Doom Metal;Active;https://www.metal-archives.com/bands/Your_Best_Adornment/3540523692
Your Cell: Yourself;United States;Drone/Doom Metal;Unknown;https://www.metal-archives.com/bands/Your_Cell%3A_Yourself/47077
Your Chance to Die;United States;"Metalcore (early); Technical/Melodic Death Metal (later)";Active;https://www.metal-archives.com/bands/Your_Chance_to_Die/119730
Your City Is Forgotten;United Kingdom;Metalcore;Split-up;https://www.metal-archives.com/bands/Your_City_Is_Forgotten/3540278153
Your Cynical Sanity;South Africa;Deathcore;Active;https://www.metal-archives.com/bands/Your_Cynical_Sanity/3540465771
Your Days Are Counted;Poland;Death Metal/Grindcore;Split-up;https://www.metal-archives.com/bands/Your_Days_Are_Counted/80953
Your Disease;United States;Thrash/Death Metal;Active;https://www.metal-archives.com/bands/Your_Disease/3540466478
Your End;International;Black/Death Metal;Split-up;https://www.metal-archives.com/bands/Your_End/3540432968
Your Envy;Canada;Heavy Metal;Split-up;https://www.metal-archives.com/bands/Your_Envy/43230
Your Fault;United States;Sludge Metal;Active;https://www.metal-archives.com/bands/Your_Fault/3540472605
Your Fear;United States;Thrash/Groove Metal;Split-up;https://www.metal-archives.com/bands/Your_Fear/3540522758
Your Frustration;United States;Groove Metal;Unknown;https://www.metal-archives.com/bands/Your_Frustration/3540323802
Your God Is Dead;Belgium;Metalcore;Split-up;https://www.metal-archives.com/bands/Your_God_Is_Dead/114208
Your Highness;Belgium;Sludge/Stoner Metal;Active;https://www.metal-archives.com/bands/Your_Highness/3540331669
Your Inner Combat;Germany;Deathcore/Metalcore;Active;https://www.metal-archives.com/bands/Your_Inner_Combat/3540520511
Your Kid's on Fire;United States;Death Metal/Grindcore;Split-up;https://www.metal-archives.com/bands/Your_Kid%27s_on_Fire/128388
Your Last Wish;Canada;Melodic Death Metal;Split-up;https://www.metal-archives.com/bands/Your_Last_Wish/104895
Your Marginally Talented Photographer Girlfriend;United States;Grindcore/Black Metal/Noise;Active;https://www.metal-archives.com/bands/Your_Marginally_Talented_Photographer_Girlfriend/3540478877
Your Mom;Mexico;Neoclassical/Heavy Metal/Rock;Unknown;https://www.metal-archives.com/bands/Your_Mom/3540429091
Your Mother's Next;United States;Progressive Metal/Rock;Split-up;https://www.metal-archives.com/bands/Your_Mother%27s_Next/3540548080
Your New Phobia;United States;Experimental Deathcore;Active;https://www.metal-archives.com/bands/Your_New_Phobia/3540460768
Your Own Deathbed;Canada;Deathcore;Active;https://www.metal-archives.com/bands/Your_Own_Deathbed/3540483410
Your Own Decay;Switzerland;Brutal Death Metal;Unknown;https://www.metal-archives.com/bands/Your_Own_Decay/11170
Your Pain Is Endearing;United States;Deathcore;Active;https://www.metal-archives.com/bands/Your_Pain_Is_Endearing/3540309587
Your Sad Existence;New Zealand;Groove Metal;Active;https://www.metal-archives.com/bands/Your_Sad_Existence/3540420442
Your Shapeless Beauty;France;Black/Gothic Metal;Active;https://www.metal-archives.com/bands/Your_Shapeless_Beauty/2225
Your Silent Avenue;Austria;Atmospheric Doom Metal, Neoclassical Darkwave;Split-up;https://www.metal-archives.com/bands/Your_Silent_Avenue/3540447229
Your Third Eye;Germany;Thrash Metal;Active;https://www.metal-archives.com/bands/Your_Third_Eye/84583
Your Tomorrow Alone;Italy;Doom/Gothic Metal;Split-up;https://www.metal-archives.com/bands/Your_Tomorrow_Alone/3540303727
Youraw;Japan;Melodic Heavy Metal;Active;https://www.metal-archives.com/bands/Youraw/3540435088
Yourmajesty;Spain;Doom Metal;Active;https://www.metal-archives.com/bands/Yourmajesty/3540478898
Youth Collapse;United States;Thrash Metal/Crossover;Active;https://www.metal-archives.com/bands/Youth_Collapse/3540468188
Youth Forgotten;United States;Thrash Metal/Hardcore;Active;https://www.metal-archives.com/bands/Youth_Forgotten/3540410457
Youth of Tomorrow;Germany;Metalcore;Split-up;https://www.metal-archives.com/bands/Youth_of_Tomorrow/3540410047
Youthanasia;Italy;Heavy/Thrash Metal;Active;https://www.metal-archives.com/bands/Youthanasia/95002
Youthcorpse;United States;Progressive/Death Metal;Unknown;https://www.metal-archives.com/bands/Youthcorpse/7820
Youthquake;Japan;Thrash/Death Metal;Split-up;https://www.metal-archives.com/bands/Youthquake/16794
Yovel;Greece;Black Metal;Active;https://www.metal-archives.com/bands/Yovel/3540439423
YP;Finland;Death/Thrash Metal;Active;https://www.metal-archives.com/bands/YP/3540295679
Ypericon;United States;Heavy Metal;Active;https://www.metal-archives.com/bands/Ypericon/3540456637
Yperite;France;Death/Black Metal;Active;https://www.metal-archives.com/bands/Yperite/52078
Ypokosmos;International;Black/Death Metal;Active;https://www.metal-archives.com/bands/Ypokosmos/3540447239
Ypotrill;Italy;Melodic Death/Black Metal;Active;https://www.metal-archives.com/bands/Ypotrill/108724
Ypres;United Kingdom;Black Metal;Active;https://www.metal-archives.com/bands/Ypres/3540427278
Ypres;Russia;Sludge/Post-Metal;Active;https://www.metal-archives.com/bands/Ypres/3540382063
Ypres;United States;Black Metal;Active;https://www.metal-archives.com/bands/Ypres/3540503012
Yr;Latvia;Black Metal;Active;https://www.metal-archives.com/bands/Yr/3540521733
Yr;Norway;Black Metal;Active;https://www.metal-archives.com/bands/Yr/3540546652
Yrden;Bulgaria;Melodic Black Metal;Active;https://www.metal-archives.com/bands/Yrden/3540529345
Yriel;Estonia;Progressive/Groove Metal;Active;https://www.metal-archives.com/bands/Yriel/3540465402
Yritys;Sweden;Depressive Black Metal;Active;https://www.metal-archives.com/bands/Yritys/3540518280
Yrix;Brazil;Heavy Metal;Unknown;https://www.metal-archives.com/bands/Yrix/3540258301
Yronoxit;United States;Heavy Metal;Active;https://www.metal-archives.com/bands/Yronoxit/3540466436
Yrr;Finland;Black Metal;Active;https://www.metal-archives.com/bands/Yrr/3540514846
Yrre;Switzerland;Blackened Doom/Sludge Metal;On hold;https://www.metal-archives.com/bands/Yrre/3540516787
Yrrthorn;Finland;Black Metal;Split-up;https://www.metal-archives.com/bands/Yrrthorn/3540355387
Yrsel;International;Drone/Funeral Doom Metal/Dark Ambient;Active;https://www.metal-archives.com/bands/Yrsel/3540331435
YRYVU;Paraguay;Black Metal;Active;https://www.metal-archives.com/bands/YRYVU/3540464069
Yrzen;France;Symphonic/Melodic Death/Folk Metal;Active;https://www.metal-archives.com/bands/Yrzen/3540364462
Ys;United States;Black Metal;Active;https://www.metal-archives.com/bands/Ys/3540389303
Ysaraal;Czechia;Black Metal;Active;https://www.metal-archives.com/bands/Ysaraal/3540458957
Ysbaddaden;United States;Black Metal;Active;https://www.metal-archives.com/bands/Ysbaddaden/3540454264
Ysbryd;Unknown;Melodic Black Metal;Unknown;https://www.metal-archives.com/bands/Ysbryd/3540427125
Ysbryd;Germany;Black Metal;Split-up;https://www.metal-archives.com/bands/Ysbryd/3540445092
Ysbrydnos;United Kingdom;Black Metal, Dungeon Synth;Active;https://www.metal-archives.com/bands/Ysbrydnos/3540503327
Ysengrin;France;Doom/Black/Death Metal;Active;https://www.metal-archives.com/bands/Ysengrin/3540258539
Ysgaroth;Canada;Black/Death/Thrash Metal;Active;https://www.metal-archives.com/bands/Ysgaroth/3540476870
Ysgråmør;Canada;Black Metal;Split-up;https://www.metal-archives.com/bands/Ysgr%C3%A5m%C3%B8r/3540500816
Ysgramor;Germany;Melodic Death Metal;Active;https://www.metal-archives.com/bands/Ysgramor/3540435890
Ysigim;Poland;Funeral Doom Metal;On hold;https://www.metal-archives.com/bands/Ysigim/29982
Ysilik;United States;Progressive/Technical Death Metal;Active;https://www.metal-archives.com/bands/Ysilik/3540485271
Yskelgroth;Spain;Black Metal;Active;https://www.metal-archives.com/bands/Yskelgroth/3540306233
Ysorex;Germany;Black Metal;Unknown;https://www.metal-archives.com/bands/Ysorex/68755
Ysorpel;Netherlands;Viking Metal;Changed name;https://www.metal-archives.com/bands/Ysorpel/3540313588
Ysun;France;Brutal Death Metal;Split-up;https://www.metal-archives.com/bands/Ysun/3540283290
Ysyry Mollvün;Argentina;Atmospheric Black Metal;Active;https://www.metal-archives.com/bands/Ysyry_Mollv%C3%BCn/3540502130
Ysyssy;France;Thrash Metal;Changed name;https://www.metal-archives.com/bands/Ysyssy/63427
Ythogtha;United States;Raw Black Metal;Unknown;https://www.metal-archives.com/bands/Ythogtha/104650
Ython;Belgium;Heavy Metal;Active;https://www.metal-archives.com/bands/Ython/3540401408
Ytivarg;Czechia;"Black Metal (early); Grindcore (later)";Active;https://www.metal-archives.com/bands/Ytivarg/65355
Yu-Suke;Japan;Heavy/Power Metal;Active;https://www.metal-archives.com/bands/Yu-Suke/3540292963
Yucatan;Germany;Heavy Metal;Split-up;https://www.metal-archives.com/bands/Yucatan/101175
Yuck;France;Experimental Death/Black/Thrash Metal;Split-up;https://www.metal-archives.com/bands/Yuck/121252
Yuck Fou;United States;Thrash Metal/Crossover;Active;https://www.metal-archives.com/bands/Yuck_Fou/3540325640
Yuck Fou;Norway;Thrash Metal;Split-up;https://www.metal-archives.com/bands/Yuck_Fou/3540357887
Yuckmouf;United States;Psychedelic Sludge Metal;Split-up;https://www.metal-archives.com/bands/Yuckmouf/3540443794
Yugal;France;Thrash/Groove Metal;Active;https://www.metal-archives.com/bands/Yugal/3540359930
Yuggot;Germany;Industrial Blackened Death Metal;Active;https://www.metal-archives.com/bands/Yuggot/3540501056
Yuggoth;France;Death Metal;Split-up;https://www.metal-archives.com/bands/Yuggoth/51324
Yuggoth;Russia;"Doom/Death Metal (early); Heavy Metal/Hard Rock with Funk influences (later)";Active;https://www.metal-archives.com/bands/Yuggoth/49793
Yuggoth;United States;Black Metal;Unknown;https://www.metal-archives.com/bands/Yuggoth/3540523394
Yuggoth;Spain;Doom Metal;Active;https://www.metal-archives.com/bands/Yuggoth/3540512401
Yuggoth;Spain;Folk Metal;Unknown;https://www.metal-archives.com/bands/Yuggoth/3540395468
Yuggs;France;Epic Heavy Metal;Split-up;https://www.metal-archives.com/bands/Yuggs/112303
Yugular;Spain;Heavy Metal;Split-up;https://www.metal-archives.com/bands/Yugular/3540488060
Yugular;Argentina;Technical Death Metal;Active;https://www.metal-archives.com/bands/Yugular/3540535443
Yuhkinen;Japan;Progressive/Power Metal;Active;https://www.metal-archives.com/bands/Yuhkinen/3540327796
Yuhrott;United States;Heavy Metal;Split-up;https://www.metal-archives.com/bands/Yuhrott/4704
Yukaha;Argentina;Grindcore;Active;https://www.metal-archives.com/bands/Yukaha/3540480518
Yukihisa Kanatani;Japan;Melodic Power Metal;Active;https://www.metal-archives.com/bands/Yukihisa_Kanatani/3540392127
Yukon;Switzerland;Groove/Thrash Metal with Hardcore influences;On hold;https://www.metal-archives.com/bands/Yukon/95638
Yul;France;Experimental Death Metal;Active;https://www.metal-archives.com/bands/Yul/123176
Yuletide;France;Pagan Black Metal;Active;https://www.metal-archives.com/bands/Yuletide/3540546868
Yuletide;United States;Raw Black Metal;Active;https://www.metal-archives.com/bands/Yuletide/3540286276
Yum Kimil;Mexico;Pagan Black Metal;Unknown;https://www.metal-archives.com/bands/Yum_Kimil/3540343752
Yuma;Germany;Heavy Metal;Active;https://www.metal-archives.com/bands/Yuma/98624
Yumos;Ukraine;Heavy Metal;Unknown;https://www.metal-archives.com/bands/Yumos/104806
Yun;United Kingdom;Stoner/Sludge Metal;Active;https://www.metal-archives.com/bands/Yun/3540488078
Yun-Fat;Brazil;Death Metal/Grindcore/Bossa Nova;Active;https://www.metal-archives.com/bands/Yun-Fat/119948
Yunque;Spain;Heavy Metal;Split-up;https://www.metal-archives.com/bands/Yunque/3540532295
Yunque;Spain;Heavy Metal;Unknown;https://www.metal-archives.com/bands/Yunque/3540384074
Yunque;Argentina;Heavy Metal;Unknown;https://www.metal-archives.com/bands/Yunque/3540258240
Yuppie-Club;Germany;Grindcore;Unknown;https://www.metal-archives.com/bands/Yuppie-Club/125634
Yuppiegrinder;Australia;Grindcore/Crust/Death Metal;Split-up;https://www.metal-archives.com/bands/Yuppiegrinder/3540459724
Yuri;Australia;Stoner/Doom Metal/Rock;Active;https://www.metal-archives.com/bands/Yuri/3540472669
Yuri Fulone;Brazil;Heavy/Power Metal;Active;https://www.metal-archives.com/bands/Yuri_Fulone/3540386557
Yuriy Mishustin;Russia;Progressive Metal;Active;https://www.metal-archives.com/bands/Yuriy_Mishustin/3540529882
Yusuke Takahama;Japan;Heavy/Power Metal;Split-up;https://www.metal-archives.com/bands/Yusuke_Takahama/3540430426
Yutaro Abe's Astral Wind;Japan;Symphonic/Neoclassical Power Metal;Active;https://www.metal-archives.com/bands/Yutaro_Abe%27s_Astral_Wind/3540449286
Yuthak Wah;India;Death/Thrash Metal;Active;https://www.metal-archives.com/bands/Yuthak_Wah/3540524001
YuumiAnn;Germany;Post-Black Metal;Active;https://www.metal-archives.com/bands/YuumiAnn/3540536562
Yuxa;United Kingdom;Doom/Post-Metal;Active;https://www.metal-archives.com/bands/Yuxa/3540452573
Yüz Karası;Türkiye;Melodic Black Metal;Active;https://www.metal-archives.com/bands/Y%C3%BCz_Karas%C4%B1/3540473919
Yuzukingdom;Japan;Electronic Metalcore/Melodic Death Metal;Split-up;https://www.metal-archives.com/bands/Yuzukingdom/3540474095
Yuzz;Japan;Melodic Power Metal;Active;https://www.metal-archives.com/bands/Yuzz/3540486635
Yverdoom;Switzerland;Death/Groove Metal;Unknown;https://www.metal-archives.com/bands/Yverdoom/3540360673
Yves Custeau;Canada;Neoclassical Progressive Metal;Active;https://www.metal-archives.com/bands/Yves_Custeau/83506
Yvyy;Brazil;Post-Black Metal/Vaporwave;Unknown;https://www.metal-archives.com/bands/Yvyy/3540410753
Yxxan;Sweden;Black/Death Metal;Active;https://www.metal-archives.com/bands/Yxxan/3540454450
Yylva;United Kingdom;Atmospheric Black/Folk Metal;Active;https://www.metal-archives.com/bands/Yylva/3540445516
Yyrkoon;France;"Symphonic Black Metal (early); Death/Thrash Metal (later)";Active;https://www.metal-archives.com/bands/Yyrkoon/5283
YYYY;Guatemala;Stoner/Doom Metal;Active;https://www.metal-archives.com/bands/YYYY/3540443185
Yzarn;France;Black/Death Metal;Active;https://www.metal-archives.com/bands/Yzarn/3540423271
Yzba;Russia;Black Metal/Folk;Active;https://www.metal-archives.com/bands/Yzba/3540533235
Yze;United States;Progressive Black/Doom Metal;Unknown;https://www.metal-archives.com/bands/Yze/3540368546
Yzordderrex;United States;Drone/Doom/Sludge Metal;Active;https://www.metal-archives.com/bands/Yzordderrex/3540341883
